{"sum": 519561.0, "avr": 540.6462018730489, "sumMD": 18642.0, "avrMD": 601.3548387096774, "sumSD": 13633.0, "avrSD": 439.7741935483871, "max": 998.0, "min": 100.0}